Product ID,Product Name,Brand Name,Category,Subcategory,Description,Short Description,MRP,Selling Price,Discount %,Stock Quantity,Unit,Main Image,Image 2,Image 3,Video,Featured,Best Seller,Active,Display Order,Search Keywords,Safety Instructions,Notes
KRK001,7 CM ELECTRIC,SPARKLERS,Sparklers,,,,₹ 180.00,₹ 109.00,39%,,,KRK001_main.jpg,,,,,,,,,,
KRK002,7 CM COLOUR,SPARKLERS,Sparklers,,,,₹ 195.00,₹ 119.00,39%,,,KRK002_main.jpg,,,,,,,,,,
KRK003,10 CM ELECTRIC,SPARKLERS,Sparklers,,,,₹ 330.00,₹ 189.00,43%,,,KRK003_main.jpg,,,,,,,,,,
KRK004,10 CM COLOUR,SPARKLERS,Sparklers,,,,₹ 360.00,₹ 209.00,42%,,,KRK004_main.jpg,,,,,,,,,,
KRK005,10 CM GREEN,SPARKLERS,Sparklers,,,,₹ 420.00,₹ 239.00,43%,,,KRK005_main.jpg,,,,,,,,,,
KRK006,10 CM RED,SPARKLERS,Sparklers,,,,₹ 480.00,₹ 269.00,44%,,,KRK006_main.jpg,,,,,,,,,,
KRK007,12 CM ELECTRIC,SPARKLERS,Sparklers,,,,₹ 390.00,₹ 229.00,41%,,,KRK007_main.jpg,,,,,,,,,,
KRK008, 12 CM COLOUR,SPARKLERS,Sparklers,,,,₹ 420.00,₹ 239.00,43%,,,KRK008_main.jpg,,,,,,,,,,
KRK009, 12 CM GREEN,SPARKLERS,Sparklers,,,,₹ 540.00,₹ 299.00,45%,,,KRK009_main.jpg,,,,,,,,,,
KRK010, 15 CM ELECTRIC,SPARKLERS,Sparklers,,,,₹ 630.00,₹ 359.00,43%,,,KRK010_main.jpg,,,,,,,,,,
KRK011, 15 CM COLOUR,SPARKLERS,Sparklers,,,,₹ 690.00,₹ 389.00,44%,,,KRK011_main.jpg,,,,,,,,,,
KRK012,30 CM ELECTRIC,SPARKLERS,Sparklers,,,,₹ 630.00,₹ 359.00,43%,,,KRK012_main.jpg,,,,,,,,,,
KRK013,30 CM COLOUR,SPARKLERS,Sparklers,,,,₹ 690.00,₹ 389.00,44%,,,KRK013_main.jpg,,,,,,,,,,
KRK014,30 CM GREEN,SPARKLERS,Sparklers,,,,₹ 750.00,₹ 419.00,44%,,,KRK014_main.jpg,,,,,,,,,,
KRK015, 30 CM RED,SPARKLERS,Sparklers,,,,₹ 810.00,₹ 449.00,45%,,,KRK015_main.jpg,,,,,,,,,,
KRK016,50 CM ELECTRIC,SPARKLERS,Sparklers,,,,₹ 270.00,₹ 149.00,45%,,,KRK016_main.jpg,,,,,,,,,,
KRK017,50 CM COLOUR,SPARKLERS,Sparklers,,,,₹ 290.00,₹ 169.00,42%,,,KRK017_main.jpg,,,,,,,,,,
KRK018,"2.75"" KURUVI ( 25 PKT )",MODERN BRAND,Ground Crackers,,,,₹ 450.00,₹ 269.00,40%,,,KRK018_main.jpg,,,,,,,,,,
KRK019,"5"" PEACOCK  ( 15 PKT )",MODERN BRAND,Ground Crackers,,,,₹ 390.00,₹ 229.00,41%,,,KRK019_main.jpg,,,,,,,,,,
KRK020,"4"" PEACOCK  ( 10 PKT )",MODERN BRAND,Ground Crackers,,,,₹ 390.00,₹ 229.00,41%,,,KRK020_main.jpg,,,,,,,,,,
KRK021,"4"" HERCULES DLX ( 10 PKT )",MODERN BRAND,Ground Crackers,,,,₹ 630.00,₹ 359.00,43%,,,KRK021_main.jpg,,,,,,,,,,
KRK022,"5"" BAHUBALI  ( 10 PKT )",MODERN BRAND,Ground Crackers,,,,₹ 900.00,₹ 509.00,43%,,,KRK022_main.jpg,,,,,,,,,,
KRK023,"6"" JOKER DLX  ( 10 PKT )",MODERN BRAND,Ground Crackers,,,,"₹ 1,050.00",₹ 599.00,43%,,,KRK023_main.jpg,,,,,,,,,,
KRK024,FLOWER POT SMALL,MODERN BRAND,Flower Pots,,,,"₹ 1,050.00",₹ 599.00,43%,,,KRK024_main.jpg,,,,,,,,,,
KRK025, FLOWER POT BIG,MODERN BRAND,Flower Pots,,,,"₹ 1,200.00",₹ 679.00,43%,,,KRK025_main.jpg,,,,,,,,,,
KRK026,FLOWER POT SPECIAL,MODERN BRAND,Flower Pots,,,,"₹ 1,500.00",₹ 829.00,45%,,,KRK026_main.jpg,,,,,,,,,,
KRK027,FLOWER POT ASHOKA,MODERN BRAND,Flower Pots,,,,"₹ 1,950.00","₹ 1,049.00",46%,,,KRK027_main.jpg,,,,,,,,,,
KRK028,COLOUR KOTI,MODERN BRAND,Chakkars,,,,₹ 360.00,₹ 199.00,45%,,,KRK028_main.jpg,,,,,,,,,,
KRK029,GROUND CHAKKAR BIG(10 PCS),MODERN BRAND,Chakkars,,,,₹ 750.00,₹ 419.00,44%,,,KRK029_main.jpg,,,,,,,,,,
KRK030,GROUND CHAKKAR SPECIAL,MODERN BRAND,Chakkars,,,,"₹ 1,350.00",₹ 749.00,45%,,,KRK030_main.jpg,,,,,,,,,,
KRK031,GROUMD CHAKKAR DELUXE,MODERN BRAND,Chakkars,,,,"₹ 2,550.00","₹ 1,429.00",44%,,,KRK031_main.jpg,,,,,,,,,,
KRK032,1000 WALA ( UV 3D ),MODERN BRAND,Ground Crackers,,,,₹ 360.00,₹ 209.00,42%,,,KRK032_main.jpg,,,,,,,,,,
KRK033,2000 WALA ( UV 3D ),MODERN BRAND,Ground Crackers,,,,₹ 720.00,₹ 419.00,42%,,,KRK033_main.jpg,,,,,,,,,,
KRK034,5000 WALA ( UV 3D ),MODERN BRAND,Ground Crackers,,,,"₹ 1,800.00","₹ 1,049.00",42%,,,KRK034_main.jpg,,,,,,,,,,
KRK035,10000 WALA ( UV 3D ),MODERN BRAND,Ground Crackers,,,,"₹ 3,600.00","₹ 2,099.00",42%,,,KRK035_main.jpg,,,,,,,,,,
KRK036,25000 WALA ,MODERN BRAND,Ground Crackers,,,,"₹ 9,000.00","₹ 5,249.00",42%,,,KRK036_main.jpg,,,,,,,,,,
KRK037,RED BIJILI - 50'S,MODERN BRAND,Ground Crackers,,,,₹ 30.00,₹ 29.00,3%,,,KRK037_main.jpg,,,,,,,,,,
KRK038,RED BIJILI - 100'S,MODERN BRAND,Ground Crackers,,,,₹ 60.00,₹ 39.00,35%,,,KRK038_main.jpg,,,,,,,,,,
KRK039,30 SHOT MULTICOLOUR ,MODERN BRAND,Aerial Shots,,,,₹ 975.00,₹ 599.00,39%,,,KRK039_main.jpg,,,,,,,,,,
KRK040,60 SHOT MULTICOLOUR ,MODERN BRAND,Aerial Shots,,,,"₹ 1,950.00","₹ 1,129.00",42%,,,KRK040_main.jpg,,,,,,,,,,
KRK041,120 SHOT MULTICOLOUR ,MODERN BRAND,Aerial Shots,,,,"₹ 3,900.00","₹ 2,249.00",42%,,,KRK041_main.jpg,,,,,,,,,,
KRK042,240 SHOT MULTICOLOUR ,MODERN BRAND,Aerial Shots,,,,"₹ 7,500.00","₹ 4,349.00",42%,,,KRK042_main.jpg,,,,,,,,,,
KRK043, FLOWER POT BIG,NATIONAL BRAND,Flower Pots,,,,"₹ 1,650.00",₹ 979.00,41%,,,KRK043_main.jpg,,,,,,,,,,
KRK044, FLOWER POT SPECIAL,NATIONAL BRAND,Flower Pots,,,,"₹ 2,250.00","₹ 1,279.00",43%,,,KRK044_main.jpg,,,,,,,,,,
KRK045,COLOUR FLOWERS GIANT,NATIONAL BRAND,Flower Pots,,,,₹ 450.00,₹ 259.00,42%,,,KRK045_main.jpg,,,,,,,,,,
KRK046,ZAMIN CHAKKAR ASHOKA,NATIONAL BRAND,Chakkars,,,,"₹ 1,350.00",₹ 749.00,45%,,,KRK046_main.jpg,,,,,,,,,,
KRK047,ZAMIN CHAKKAR SPECIAL,NATIONAL BRAND,Chakkars,,,,"₹ 1,950.00","₹ 1,129.00",42%,,,KRK047_main.jpg,,,,,,,,,,
KRK048,ZAMIN CHAKKAR DELUXE,NATIONAL BRAND,Chakkars,,,,"₹ 2,850.00","₹ 1,499.00",47%,,,KRK048_main.jpg,,,,,,,,,,
KRK049,TWINKLING STAR SMALL,NATIONAL BRAND,Sparklers,,,,₹ 675.00,₹ 379.00,44%,,,KRK049_main.jpg,,,,,,,,,,
KRK050,TWINKLING STAR DELUXE,NATIONAL BRAND,Sparklers,,,,"₹ 1,950.00","₹ 1,129.00",42%,,,KRK050_main.jpg,,,,,,,,,,
KRK051, CHIT CHIT,NATIONAL BRAND,Other,,,,₹ 600.00,₹ 349.00,42%,,,KRK051_main.jpg,,,,,,,,,,
KRK052,COLOUR BUTTERFLY,NATIONAL BRAND,Other,,,,"₹ 1,650.00",₹ 899.00,46%,,,KRK052_main.jpg,,,,,,,,,,
KRK053,ELECCTRIC STONE,VELVALLI BRAND,Other,,,,₹ 105.00,₹ 79.00,25%,,,KRK053_main.jpg,,,,,,,,,,
KRK054,JEE BOM BAA,VELVALLI BRAND,Other,,,,₹ 105.00,₹ 79.00,25%,,,KRK054_main.jpg,,,,,,,,,,
KRK055,PEACOCK,VELVALLI BRAND,Other,,,,₹ 255.00,₹ 149.00,42%,,,KRK055_main.jpg,,,,,,,,,,
KRK056,HELICOPTER,VELVALLI BRAND,Other,,,,₹ 195.00,₹ 119.00,39%,,,KRK056_main.jpg,,,,,,,,,,
KRK057,SPINNER,VELVALLI BRAND,Other,,,,₹ 225.00,₹ 139.00,38%,,,KRK057_main.jpg,,,,,,,,,,
KRK058,SILVER PENCIL,VELVALLI BRAND,Sparklers,,,,₹ 300.00,₹ 179.00,40%,,,KRK058_main.jpg,,,,,,,,,,
KRK059,4 X 4 WHEEL,VELVALLI BRAND,Other,,,,₹ 270.00,₹ 149.00,45%,,,KRK059_main.jpg,,,,,,,,,,
KRK060,BUTTERFLY,VELVALLI BRAND,Other,,,,"₹ 1,350.00",₹ 749.00,45%,,,KRK060_main.jpg,,,,,,,,,,
KRK061,KIT KAT,VELVALLI BRAND,Other,,,,₹ 450.00,₹ 269.00,40%,,,KRK061_main.jpg,,,,,,,,,,
KRK062,PHOTO FLASH,VELVALLI BRAND,Other,,,,₹ 165.00,₹ 109.00,34%,,,KRK062_main.jpg,,,,,,,,,,
KRK063,HYDRO BOMB,VELVALLI BRAND,Atom Bombs,,,,"₹ 1,050.00",₹ 599.00,43%,,,KRK063_main.jpg,,,,,,,,,,
KRK064,KING OF KING,VELVALLI BRAND,Atom Bombs,,,,"₹ 1,440.00",₹ 829.00,42%,,,KRK064_main.jpg,,,,,,,,,,
KRK065,CLASSIC BOMB,VELVALLI BRAND,Atom Bombs,,,,"₹ 1,800.00","₹ 1,049.00",42%,,,KRK065_main.jpg,,,,,,,,,,
KRK066,TWINKLING STAR BOMB,VELVALLI BRAND,Atom Bombs,,,,₹ 450.00,₹ 269.00,40%,,,KRK066_main.jpg,,,,,,,,,,
KRK067,TWINKLING STAR DELUXE3,VELVALLI BRAND,Atom Bombs,,,,"₹ 1,350.00",₹ 749.00,45%,,,KRK067_main.jpg,,,,,,,,,,
KRK068,100 WALA,VELVALLI BRAND,Ground Crackers,,,,₹ 75.00,₹ 49.00,35%,,,KRK068_main.jpg,,,,,,,,,,
KRK069,200 WALA,VELVALLI BRAND,Ground Crackers,,,,₹ 150.00,₹ 89.00,41%,,,KRK069_main.jpg,,,,,,,,,,
KRK070,300 WALA,VELVALLI BRAND,Ground Crackers,,,,₹ 195.00,₹ 119.00,39%,,,KRK070_main.jpg,,,,,,,,,,
KRK071,28 CHORSA(50 PKT),VELVALLI BRAND,Ground Crackers,,,,"₹ 1,350.00",₹ 749.00,45%,,,KRK071_main.jpg,,,,,,,,,,
KRK072,28 GIANT (25 PKT),VELVALLI BRAND,Ground Crackers,,,,"₹ 1,050.00",₹ 599.00,43%,,,KRK072_main.jpg,,,,,,,,,,
KRK073,20 DELUXE (10 PKT),VELVALLI BRAND,Ground Crackers,,,,₹ 750.00,₹ 419.00,44%,,,KRK073_main.jpg,,,,,,,,,,
KRK074,24 DELUXE (10 PKT),VELVALLI BRAND,Ground Crackers,,,,₹ 900.00,₹ 509.00,43%,,,KRK074_main.jpg,,,,,,,,,,
KRK075,50 DELUXE (5 PKT),VELVALLI BRAND,Ground Crackers,,,,₹ 900.00,₹ 509.00,43%,,,KRK075_main.jpg,,,,,,,,,,
KRK076,"1"" COMET ( CHOTA FANCY )",HAYAGRIVAR BRAND,Aerial Shots,,,,₹ 105.00,₹ 79.00,25%,,,KRK076_main.jpg,,,,,,,,,,
KRK077,"2"" COMET ( SINGLE PCE )",HAYAGRIVAR BRAND,Aerial Shots,,,,₹ 225.00,₹ 139.00,38%,,,KRK077_main.jpg,,,,,,,,,,
KRK078,"2"" COMET ( 3 PCS )",HAYAGRIVAR BRAND,Aerial Shots,,,,₹ 600.00,₹ 349.00,42%,,,KRK078_main.jpg,,,,,,,,,,
KRK079," 2"" COMET HULK ( 3 PCS )",HAYAGRIVAR BRAND,Aerial Shots,,,,₹ 750.00,₹ 419.00,44%,,,KRK079_main.jpg,,,,,,,,,,
KRK080,"3.5"" COMET ( SINGLE PCE )",HAYAGRIVAR BRAND,Aerial Shots,,,,₹ 540.00,₹ 299.00,45%,,,KRK080_main.jpg,,,,,,,,,,
KRK081," 3.5"" COMET ( DOUBLE PCE )",HAYAGRIVAR BRAND,Aerial Shots,,,,"₹ 1,080.00",₹ 599.00,45%,,,KRK081_main.jpg,,,,,,,,,,
KRK082," 4"" COMET ( SINGLE PCE )",HAYAGRIVAR BRAND,Aerial Shots,,,,₹ 750.00,₹ 419.00,44%,,,KRK082_main.jpg,,,,,,,,,,
KRK083,"4"" COMET ( DOUBLE PCE )",HAYAGRIVAR BRAND,Aerial Shots,,,,"₹ 1,500.00",₹ 829.00,45%,,,KRK083_main.jpg,,,,,,,,,,
KRK084,WHISTLING ROCKET,HAYAGRIVAR BRAND,Rockets,,,,₹ 270.00,₹ 149.00,45%,,,KRK084_main.jpg,,,,,,,,,,
KRK085,SKY 240 SHOT,HAYAGRIVAR BRAND,Aerial Shots,,,,"₹ 7,800.00","₹ 4,499.00",42%,,,KRK085_main.jpg,,,,,,,,,,
KRK086,SKY 520 SHOT,HAYAGRIVAR BRAND,Aerial Shots,,,,"₹ 18,000.00","₹ 10,499.00",42%,,,KRK086_main.jpg,,,,,,,,,,
KRK087,KING CANDLE (5 PCS),DAMO FANCY,Sparklers,,,,₹ 300.00,₹ 179.00,40%,,,KRK087_main.jpg,,,,,,,,,,
KRK088,SMART CANDLE (5 PCS),DAMO FANCY,Sparklers,,,,₹ 375.00,₹ 229.00,39%,,,KRK088_main.jpg,,,,,,,,,,
KRK089,HI - COO FOUNTAIN (5 PCS),DAMO FANCY,Sparklers,,,,₹ 360.00,₹ 209.00,42%,,,KRK089_main.jpg,,,,,,,,,,
KRK090,FUN FOUNTAIN (5 PCS),DAMO FANCY,Sparklers,,,,₹ 300.00,₹ 179.00,40%,,,KRK090_main.jpg,,,,,,,,,,
KRK091,PAPPU SHOWER,DAMO FANCY,Sparklers,,,,₹ 270.00,₹ 149.00,45%,,,KRK091_main.jpg,,,,,,,,,,
KRK092,SIREN CANDLE,DAMO FANCY,Sparklers,,,,₹ 180.00,₹ 109.00,39%,,,KRK092_main.jpg,,,,,,,,,,
KRK093,U S A FOUNTAIN,DAMO FANCY,Sparklers,,,,"₹ 1,800.00","₹ 1,049.00",42%,,,KRK093_main.jpg,,,,,,,,,,
KRK094,CHOCOLATE CHAKKAR (4 IN 1),DAMO FANCY,Chakkars,,,,₹ 360.00,₹ 209.00,42%,,,KRK094_main.jpg,,,,,,,,,,
KRK095,CROCODILE,DAMO FANCY,Ground Crackers,,,,₹ 180.00,₹ 109.00,39%,,,KRK095_main.jpg,,,,,,,,,,
KRK096,SHARK,DAMO FANCY,Ground Crackers,,,,₹ 180.00,₹ 109.00,39%,,,KRK096_main.jpg,,,,,,,,,,
KRK097,SEA HORSE,DAMO FANCY,Ground Crackers,,,,₹ 225.00,₹ 139.00,38%,,,KRK097_main.jpg,,,,,,,,,,
KRK098,HONEY BEES,DAMO FANCY,Other,,,,₹ 600.00,₹ 349.00,42%,,,KRK098_main.jpg,,,,,,,,,,
KRK099,BARBIE FOUNTAIN,DAMO FANCY,Flower Pots,,,,₹ 900.00,₹ 509.00,43%,,,KRK099_main.jpg,,,,,,,,,,
KRK100,KINDER JOY (BOYS),DAMO FANCY,Gift Boxes,,,,₹ 750.00,₹ 419.00,44%,,,KRK100_main.jpg,,,,,,,,,,
KRK101,KINDER JOY (GIRLS),DAMO FANCY,Gift Boxes,,,,₹ 750.00,₹ 419.00,44%,,,KRK101_main.jpg,,,,,,,,,,
KRK102,PAW PETROL,DAMO FANCY,Gift Boxes,,,,₹ 300.00,₹ 179.00,40%,,,KRK102_main.jpg,,,,,,,,,,
KRK103,12 SHOT R & G,SHOTS,Aerial Shots,,,,₹ 375.00,₹ 229.00,39%,,,KRK103_main.jpg,,,,,,,,,,
KRK104,15 SHOT MULTICOLOUR,SHOTS,Aerial Shots,,,,₹ 585.00,₹ 329.00,44%,,,KRK104_main.jpg,,,,,,,,,,
KRK105,25 SHOT CRACKLING,SHOTS,Aerial Shots,,,,₹ 525.00,₹ 299.00,43%,,,KRK105_main.jpg,,,,,,,,,,
KRK106,50 SHOT CRACKLING,SHOTS,Aerial Shots,,,,"₹ 1,050.00",₹ 599.00,43%,,,KRK106_main.jpg,,,,,,,,,,
KRK107,100 SHOT CRACKLING,SHOTS,Aerial Shots,,,,"₹ 1,950.00","₹ 1,129.00",42%,,,KRK107_main.jpg,,,,,,,,,,
KRK108,30 SHOT MULTICOLOUR,SHOTS,Aerial Shots,,,,₹ 975.00,₹ 599.00,39%,,,KRK108_main.jpg,,,,,,,,,,
KRK109,60 SHOT MULTICOLOUR,SHOTS,Aerial Shots,,,,"₹ 1,950.00","₹ 1,129.00",42%,,,KRK109_main.jpg,,,,,,,,,,
KRK110,120 SHOT MULTICOLOUR,SHOTS,Aerial Shots,,,,"₹ 3,900.00","₹ 2,249.00",42%,,,KRK110_main.jpg,,,,,,,,,,
KRK111,240 SHOT MULTICOLOUR,SHOTS,Aerial Shots,,,,"₹ 7,500.00","₹ 4,349.00",42%,,,KRK111_main.jpg,,,,,,,,,,
KRK112,BABY ROCKET,ROCKETS,Rockets,,,,₹ 750.00,₹ 419.00,44%,,,KRK112_main.jpg,,,,,,,,,,
KRK113,ROCKET BOMB,ROCKETS,Rockets,,,,"₹ 1,350.00",₹ 749.00,45%,,,KRK113_main.jpg,,,,,,,,,,
KRK114,COLOUR ROCKET,ROCKETS,Rockets,,,,"₹ 1,500.00",₹ 829.00,45%,,,KRK114_main.jpg,,,,,,,,,,
KRK115,LUNIK ROCKET,ROCKETS,Rockets,,,,"₹ 1,950.00","₹ 1,129.00",42%,,,KRK115_main.jpg,,,,,,,,,,
KRK116,2 SOUND ROCKET,ROCKETS,Rockets,,,,"₹ 2,100.00","₹ 1,199.00",43%,,,KRK116_main.jpg,,,,,,,,,,
KRK117,3 SOUND ROCKET,ROCKETS,Rockets,,,,"₹ 2,250.00","₹ 1,279.00",43%,,,KRK117_main.jpg,,,,,,,,,,
KRK118,WHISTLING ROCKET,ROCKETS,Rockets,,,,"₹ 2,700.00","₹ 1,499.00",44%,,,KRK118_main.jpg,,,,,,,,,,
KRK119,SALAAR PEACOCK,TFI,Others,,,,"₹ 1,500.00",₹ 520.00,66%,,,KRK119_main.jpg,,,,,,,,,,
KRK120,PARADISE PEACOCK,TFI,Others,,,,"₹ 1,500.00",₹ 520.00,66%,,,KRK120_main.jpg,,,,,,,,,,
KRK121,OG SKYSHOT (PAWAN KALYAN),TFI,Others,,,,"₹ 1,200.00",₹ 400.00,67%,,,KRK121_main.jpg,,,,,,,,,,
KRK122,PAWAN KALYAN CAMERA,TFI,Others,,,,₹ 400.00,₹ 200.00,50%,,,KRK122_main.jpg,,,,,,,,,,
KRK123,PUSHPA SANDALWOOD SKYSHOT,TFI,Others,,,,"₹ 1,800.00",₹ 900.00,50%,,,KRK123_main.jpg,,,,,,,,,,
KRK124,PUSHPA BHOOCHAKKAR,TFI,Others,,,,₹ 800.00,₹ 300.00,63%,,,KRK124_main.jpg,,,,,,,,,,
KRK125,PUSHPA SKYSHOT,TFI,Others,,,,"₹ 1,800.00",₹ 900.00,50%,,,KRK125_main.jpg,,,,,,,,,,
KRK126,RAAKA SKYSHOT,TFI,Others,,,,"₹ 2,000.00","₹ 1,100.00",45%,,,KRK126_main.jpg,,,,,,,,,,
KRK127,BAHUBALI BHOPOCHAKKAR HOLDER,TFI,Others,,,,"₹ 1,700.00",₹ 400.00,77%,,,KRK127_main.jpg,,,,,,,,,,
KRK128,SALAAR SWORD ROCKETT HOLDER,TFI,Others,,,,₹ 600.00,₹ 199.00,66%,,,KRK128_main.jpg,,,,,,,,,,
KRK129,AADIPURUSH ROCKET HOLDER,TFI,Others,,,,₹ 600.00,₹ 199.00,66%,,,KRK129_main.jpg,,,,,,,,,,
KRK130,kalki pencil sparkles,TFI,Others,,,,₹ 600.00,₹ 500.00,17%,,,KRK130_main.jpg,,,,,,,,,,
KRK131,KHANSAAR STAMP BHOOCHAKKAR,TFI,Others,,,,₹ 600.00,₹ 450.00,25%,,,KRK131_main.jpg,,,,,,,,,,
KRK132,BRS PARTY FIRECRACKER,POLITICAL,Others,,,,"₹ 1,200.00",₹ 499.00,59%,,,KRK132_main.jpg,,,,,,,,,,
KRK133,TDP PARTY FIRECRACKER,POLITICAL,Others,,,,"₹ 1,200.00",₹ 499.00,59%,,,KRK133_main.jpg,,,,,,,,,,
KRK134,BJP PARTY FIRECRACKER,POLITICAL,Others,,,,"₹ 1,200.00",₹ 499.00,59%,,,KRK134_main.jpg,,,,,,,,,,
KRK135,YSRCP PARTY FIRECRACKER,POLITICAL,Others,,,,"₹ 1,200.00",₹ 499.00,59%,,,KRK135_main.jpg,,,,,,,,,,
KRK136,JANASENA PARTY FIRECRACKER,POLITICAL,Others,,,,"₹ 1,200.00",₹ 499.00,59%,,,KRK136_main.jpg,,,,,,,,,,
KRK137,CONGRESS PARTY FIRECRACKER,POLITICAL,Others,,,,"₹ 1,200.00",₹ 499.00,59%,,,KRK137_main.jpg,,,,,,,,,,
KRK138,TRS PARTY FIRECRAACKER,POLITICAL,Others,,,,"₹ 1,200.00",₹ 499.00,59%,,,KRK138_main.jpg,,,,,,,,,,
